{
  "type": "minecraft:overworld",
  "generator": {
    "type": "minecraft:flat",
    "settings": {
      "biome": "minecraft:desert",
      "lakes": false,
      "features": false,
      "layers": [
        {
          "height": 1,
          "block": "minecraft:bedrock"
        },
        {
          "height": 55,
          "block": "minecraft:sandstone"
        },
        {
          "height": 8,
          "block": "minecraft:sand"
        }
      ],
      "structure_overrides": []
    }
  }
}